{
    "mae": 265.24655447764917,
    "mse": 277126.8477624367,
    "rmse": 526.428388066636,
    "r2": 0.9826572273688142
}