{
    "mae": 265.39566854289507,
    "mse": 277136.3799123498,
    "rmse": 526.4374415942979,
    "r2": 0.9826566308408705
}