{
    "mae": 265.5404115093623,
    "mse": 277240.75114819146,
    "rmse": 526.536562024131,
    "r2": 0.9826500992232122
}